date,tavg,tmin,tmax,prcp,snow,wdir,wspd,wpgt,pres,tsun
2020-12-31,6,2,9,,,,,,,
2021-01-01,2.5,1,4,,,,,,,
2021-01-02,5.5,2,11,6.1,,316,17.5,,1012.5,
2021-01-03,2.4,2,3,5.2,,41,15.6,,1017.3,
2021-01-04,3.4,2,6,0.6,,3,11.2,,1015,
2021-01-05,3.4,2,4,0.2,,356,9.5,,1013.6,
2021-01-06,2.7,1,4,0,,332,15.5,,1016,
2021-01-07,1.5,-1,5,0,,326,13.7,,1019.2,
2021-01-08,-0.1,-2,3,0,,351,12.3,,1016.2,
2021-01-09,-0.4,-4,2,0,,355,13.9,,1012.8,
2021-01-10,1.1,-2,5,0,,352,9.1,,1022.6,
2021-01-11,0.3,-2,3,0,,275,5.5,,1025.4,
2021-01-12,3.2,1,7,0,,273,7.9,,1020.1,
2021-01-13,4.1,2,6,0,,258,9,,1016.3,
2021-01-14,6.2,4,9,0,,246,5.2,,1010.8,
2021-01-15,5.2,3,8,5.8,,65,17,,1013.6,
2021-01-16,5.5,3,8,22.7,,298,16.2,,998.4,
2021-01-17,4.5,2,7,0,,253,21.4,,1003.2,
2021-01-18,4.8,3,7,0.3,,257,16.2,,1007.9,
2021-01-19,3.1,2,6,0,,261,17.6,,1017.6,
2021-01-20,1.4,-3,4,1.4,,289,14.7,,1014.5,
2021-01-21,1.5,-3,6,0,,227,11,,1008.6,
2021-01-22,4.7,2,7,0,,274,19.8,,1006.3,
2021-01-23,-1.6,-4,2,0,,303,24.4,,1017.6,
2021-01-24,-2.9,-6,0,0,,307,19.7,,1021.1,
2021-01-25,-0.9,-5,3,0,,339,7.8,,1019.8,
2021-01-26,0.9,0,1,6.5,,56,12.3,,1014.9,
2021-01-27,1.1,-1,3,1,,329,13.9,,1015.3,
2021-01-28,-2.5,-7,1,0,,332,24,,1019.1,
2021-01-29,-6.7,-9,-4,0,,318,26.3,,1020.6,
2021-01-30,-4.6,-8,0,0,,322,15.1,,1025.5,
2021-01-31,-5.1,-7,-3,1.7,,48,10.3,,1026,
2021-02-01,-1.2,-5,1,27.6,,35,34.8,,1010.5,
2021-02-02,-0.2,-1,1,2.4,,356,29.7,,997.2,
2021-02-03,0,-2,3,0,,312,14.7,,1000.1,
2021-02-04,2.5,-1,6,0,,289,12.1,,1010.5,
2021-02-05,5.5,3,8,1.3,,209,12.3,,1007,
2021-02-06,3.9,1,7,0,,259,15.1,,1017,
2021-02-07,0.8,-4,4,10,,8,14.4,,1015.7,
2021-02-08,-4.7,-8,-2,0,,275,11.9,,1028.4,
2021-02-09,-1.2,-3,1,2.7,,5,10,,1024.2,
2021-02-10,-1,-3,2,0.4,,307,7.4,,1026.3,
2021-02-11,-1.9,-3,0,4,,6,9.9,,1024.9,
2021-02-12,-3.5,-7,-1,0,,3,7.5,,1027.8,
2021-02-13,-2.4,-4,-1,0.7,,25,12.8,,1026.1,
2021-02-14,0.2,-3,3,0.1,,10,7.9,,1023.6,
2021-02-15,0.6,-1,2,1.1,,20,10.8,,1022.4,
2021-02-16,4.8,1,11,27.6,,224,16.6,,1006.4,
2021-02-17,-2,-6,1,0,,317,12.4,,1026.8,
2021-02-18,-2.5,-4,-1,6.9,,33,14,,1029.3,
2021-02-19,-0.7,-2,1,7,,12,13.3,,1019.9,
2021-02-20,-0.6,-3,1,0,,298,15.5,,1019.8,
2021-02-21,-0.8,-4,2,0,,281,11.5,,1031.6,
2021-02-22,1.9,0,4,11.6,,213,14.6,,1017.7,
2021-02-23,4.7,2,7,0.4,,257,17,,1006,
2021-02-24,8.1,4,12,0,,229,16.8,,1013.8,
2021-02-25,7,4,10,0,,300,19.6,,1018.1,
2021-02-26,4.2,1,7,0,,230,8.8,,1030.2,
2021-02-27,6.6,3,10,10,,195,14.2,,1022.5,
2021-02-28,6.3,6,7,6.1,,73,10.8,,1022.8,
2021-03-01,5.5,0,9,4.4,,302,17.7,,1006.7,
2021-03-02,-2.2,-6,0,0,,296,23.3,,1020.6,
2021-03-03,5.9,1,11,0,,261,13.1,,1012.7,
2021-03-04,3.6,-3,7,0,,306,21.1,,1010.9,
2021-03-05,-0.7,-5,2,0,,293,20.3,,1012.6,
2021-03-06,-0.1,-2,1,0,,302,15.9,,1018.4,
2021-03-07,0.8,-2,4,0,,315,12.4,,1026.7,
2021-03-08,2,-3,6,0,,296,10.6,,1030.1,
2021-03-09,11.1,6,17,0,,279,14.7,,1027.2,
2021-03-10,8.5,6,12,0,,107,10.7,,1032.5,
2021-03-11,14.2,7,22,0,,204,14.5,,1023.4,
2021-03-12,16.6,12,20,0.1,,273,18.4,,1018.7,
2021-03-13,5.9,1,10,0,,296,18.9,,1022.9,
2021-03-14,,,,,,,,,,
2021-03-15,-0.7,-4,3,0,,331,20.6,,1025.8,
2021-03-16,0.5,-2,3,0.4,,91,8.6,,1025.8,
2021-03-17,4.9,1,8.6,0,,101,7.8,,1021.9,
2021-03-18,7,4.5,8,18.6,,68,11.1,,1014.5,
2021-03-19,2.1,-2.6,6,1.3,,15,22.5,,1021.9,
2021-03-20,6.5,-2.7,14,0,,288,8,,1034.1,
2021-03-21,11,6,17,0,,68,7.5,,1034.2,
2021-03-22,9.5,2.4,17,0,,76,7,,1029.9,
2021-03-23,11.1,3.3,18,0,,87,7.9,,1026.1,
2021-03-24,10,4.4,13.8,34.7,,77,9,,1021.6,
2021-03-25,13.2,9.6,19,1.3,,192,9.2,,1017.9,
2021-03-26,17.1,10.6,27,1.5,,183,15,,1009.3,
2021-03-27,13.1,7.9,18.1,0,,236,12.4,,1020.1,
2021-03-28,12.2,7.6,17.7,20.9,,167,21.4,,1008.1,
2021-03-29,8.1,3.3,11.6,0,,292,24.6,,1013.6,
2021-03-30,7.6,0.6,13.1,0,,149,15,,1027.9,
2021-03-31,12,7.1,17.4,10.6,,172,16,,1018.7,
2021-04-01,7.7,2.4,11.5,4.7,,327,21.6,,1010.4,
2021-04-02,0.7,-3.1,3.6,0,,323,20.5,,1021.5,
2021-04-03,3.8,-2.2,10.8,0,,302,13.2,,1025.7,
2021-04-04,9.2,4.1,16.3,0,,275,8.8,,1018.7,
2021-04-05,11.2,5.5,18,0,,313,20.6,,1014.7,
2021-04-06,11,4.5,18.5,0,,323,15.5,,1014.2,
2021-04-07,13.2,6.8,22,0.7,,3,9.2,,1016.5,
2021-04-08,14.4,10,21,0,,130,7.7,,1020,
2021-04-09,11.3,9,15,0,,113,8.6,,1021.9,
2021-04-10,14.7,11,19,0.7,,115,5.9,,1015.5,
2021-04-11,12,8,13,31.9,,7,12.1,,1004.8,
2021-04-12,8.4,7,11,12.2,,2,13,,1009.8,
2021-04-13,12.1,7,18,1.2,,5,9.1,,1017.5,
2021-04-14,15.2,9,22,0.3,,223,9.3,,1016.3,
2021-04-15,11.2,8,14,7.1,,61,8.2,,1007.6,
2021-04-16,7.7,5,11,2.1,,269,11.9,,1004.9,
2021-04-17,9.8,6,13,0,,296,9.6,,1009,
2021-04-18,13.1,9,16,0.7,,244,7.9,,1011,
2021-04-19,14.8,12,17,0.1,,224,7.7,,1011.5,
2021-04-20,17.4,12,24,0,,221,11.3,,1013.1,
2021-04-21,12.6,4,20,4,,200,12.8,,1006.7,
2021-04-22,5.3,2,8,0,,263,19.5,,1011.6,
2021-04-23,11,4,17,0,,294,13.6,,1015.5,
2021-04-24,16,11,22,0,,246,9.1,,1015.2,
2021-04-25,13,9,17,15.7,,347,9.2,,1008.3,
2021-04-26,10.7,5,16,0,,324,14.7,,1016.7,
2021-04-27,12.6,8,17,0,,195,7.4,,1018,
2021-04-28,18.1,11,28,0,,114,7.8,,1011.2,
2021-04-29,19.8,16,23,4.6,,223,11,,1005.3,
2021-04-30,16.7,8,22,0.9,,296,19.2,,999.5,
2021-05-01,12,6,18,0,,300,15.3,,1011.5,
2021-05-02,19.4,14,27,0.2,,254,11.9,,1008.5,
2021-05-03,15.9,12,18,5.2,,62,9.5,,1011.3,
2021-05-04,15.3,11,22,9.8,,75,10.6,,1008.1,
2021-05-05,12.7,11,16,11.2,,49,10.1,,1007.8,
2021-05-06,14.4,10,19,0,,316,11,,1013.9,
2021-05-07,13.8,10,18,0,,81,9.7,,1013.3,
2021-05-08,10.7,9,12,2.8,,99,8.2,,1012.6,
2021-05-09,10.8,8,17,6.4,,253,9.5,,1016.5,
2021-05-10,11.5,8,15,7.4,,334,9.5,,1012.8,
2021-05-11,13.9,10,19,0,,300,12.2,,1017.6,
2021-05-12,14,8,19,0.2,,319,12.4,,1021.6,
2021-05-13,15.9,11,21,0,,318,8.6,,1023.2,
2021-05-14,18,11,24,0.1,,296,8.3,,1023.5,
2021-05-15,19.5,13,26,0.2,,253,7,,1024,
2021-05-16,18.9,16,23,0.3,,244,6.4,,1024.8,
2021-05-17,19.3,14,26,0,,281,8,,1025.8,
2021-05-18,22,16,27,0,,272,8.5,,1025.8,
2021-05-19,23.8,19,29,0,,337,8.6,,1026.3,
2021-05-20,19.4,16,24,0,,139,7.8,,1032.3,
2021-05-21,19.9,15,26,0,,178,7.9,,1032.3,
2021-05-22,25.3,19,31,0,,290,8.2,,1022.1,
2021-05-23,26.3,21,31,0.1,,314,12.4,,1015,
2021-05-24,16.9,15,20,0,,116,11.7,,1025.8,
2021-05-25,18.5,14,23,0,,186,10,,1024,
2021-05-26,23,18,29,0,,212,10.9,,1016.4,
2021-05-27,22.8,19,27,0.4,,310,10.4,,1014.9,
2021-05-28,15.2,10,21,23.2,,61,15.5,,1017.3,
2021-05-29,9.2,8,10,30.5,,50,19.5,,1017.3,
2021-05-30,9.5,8,11,21.7,,33,12.5,,1021.6,
2021-05-31,13.9,9,21,0,,309,8.3,,1023.1,
2021-06-01,18.7,10.4,24,0,,236,8.1,,1024.9,
2021-06-02,19.6,17,23,0,,193,7.3,,1023.9,
2021-06-03,18.8,16,22,11.6,,163,7.3,,1018.1,
2021-06-04,21,17,25,13.5,,237,8.2,,1013.7,
2021-06-05,25.4,16.5,32,0,,242,11.1,,1014.2,
2021-06-06,28.5,24,33,0,,225,7,,1017.5,
2021-06-07,27.4,24,33,0.2,,196,7.5,,1019,
2021-06-08,26.2,22,31,8.1,,212,7.5,,1017.9,
2021-06-09,26.9,22,32,0.4,,284,7.1,,1016,
2021-06-10,24.4,19,28,0,,79,11.2,,1017.3,
2021-06-11,18.5,17,21,0.2,,85,9.7,,1016.2,
2021-06-12,18.7,17,21,0.1,,108,9.5,,1012.5,
2021-06-13,19.8,17,24,0.2,,209,8.8,,1014,
2021-06-14,19.9,18,22,10.7,,160,8.8,,1011.2,
2021-06-15,22.2,19,26,9.5,,297,8.4,,1008.5,
2021-06-16,20.8,17,24,0,,313,9.1,,1012,
2021-06-17,20.5,14,25,0,,305,8.1,,1015.9,
2021-06-18,23.6,17,28,0,,226,9.8,,1015.6,
2021-06-19,23.7,18,31,5.1,,249,10,,1009.7,
2021-06-20,25,19,29,0.7,,230,9.4,,1010.1,
2021-06-21,26.7,24,29,0,,186,10,,1006.3,
2021-06-22,20.6,16,25,14.6,,301,10.6,,1008,
2021-06-23,18.7,13,24,0,,310,8,,1022.2,
2021-06-24,20.2,16,24,0,,123,8,,1028.6,
2021-06-25,21.2,18,27,0,,143,10.2,,1026.1,
2021-06-26,24.5,21,28,1.1,,188,10.2,,1024,
2021-06-27,26.8,23,31,0.6,,197,9,,1022.2,
2021-06-28,28.8,24,33,0,,212,11.4,,1023,
2021-06-29,30.2,26,34,0,,235,8.9,,1022.3,
2021-06-30,30.1,23,36,0.1,,243,9.5,,1016.1,
2021-07-01,23.9,22,28,71.3,,266,7.8,,1011.8,
2021-07-02,21.8,17,25,22.5,,240,7.5,,1008,
2021-07-03,17.1,16,19,12.6,,59,11.1,,1010.2,
2021-07-04,20.5,16,26,1.3,,31,6,,1013.2,
2021-07-05,24,19,28,0.2,,122,8.5,,1017.7,
2021-07-06,26,22,33,0.4,,238,11.9,,1015.8,
2021-07-07,27.6,22,32,1.7,,258,7.3,,1014.9,
2021-07-08,25,22,29,0.8,,99,9.2,,1015.7,
2021-07-09,24.6,22,29,26.2,,329,9.9,,1010.7,
2021-07-10,22.3,20,27,0.3,,10,7.3,,1015.7,
2021-07-11,23.1,21,26,2.5,,153,7.9,,1019.7,
2021-07-12,25,22,29,13.3,,101,11.6,,1020.3,
2021-07-13,21.7,21,22,1.1,,67,9.4,,1024,
2021-07-14,24.6,21,30,2.6,,215,7.4,,1021.6,
2021-07-15,27.4,23,31,0.2,,209,6.3,,1019.1,
2021-07-16,28.9,26,32,0,,232,7.6,,1016.8,
2021-07-17,27,23,32,3,,165,6.5,,1017.4,
2021-07-18,24.7,23,28,7.1,,229,10.2,,1015.5,
2021-07-19,23.8,22,27,0.9,,305,8.5,,1015.5,
2021-07-20,26.2,23,30,0.1,,287,7.3,,1013.5,
2021-07-21,24.5,22,27,13,,290,8,,1013,
2021-07-22,23.3,19,27,0,,320,8.9,,1018.9,
2021-07-23,22.9,19,28,0,,345,8.5,,1020.6,
2021-07-24,23.4,19,27,0,,96,7.2,,1019.6,
2021-07-25,24.3,19,28,3.9,,194,9.9,,1014,
2021-07-26,26.8,22,31,0,,282,6.9,,1013.4,
2021-07-27,27,20,31,0,,263,6.9,,1014.5,
2021-07-28,23.4,21,27,0.2,,27,9.9,,1016.4,
2021-07-29,23,21,25,1.7,,176,8.2,,1014.1,
2021-07-30,23.7,20,28,0.3,,306,12.7,,1010.3,
2021-07-31,20.5,16,24,0,,294,8.3,,1015.8,
2021-08-01,21.5,19,24,1.1,,186,9.3,,1013.3,
2021-08-02,21.9,17,26,0.1,,314,8.9,,1015.2,
2021-08-03,21.9,15.9,26,0,,21,6,,1020.4,
2021-08-04,22,20,24,0.1,,28,9,,1020.7,
2021-08-05,23.1,21,27,0,,17,8.1,,1019.7,
2021-08-06,25.8,21,31,0.1,,207,7.4,,1021.2,
2021-08-07,25.7,23,29,0,,213,9.1,,1019.1,
2021-08-08,21.5,19,25,9.8,,41,11.2,,1019.5,
2021-08-09,23.4,21,26,2,,50,8.3,,1021.2,
2021-08-10,24.8,22,28,4.1,,157,8.3,,1020.8,
2021-08-11,26.4,23,32,0,,220,9.4,,1017.2,
2021-08-12,28,23,33,0,,228,10.1,,1016.4,
2021-08-13,29.8,26,34,0,,231,8,,1017.5,
2021-08-14,28.4,26,31,11,,281,7.5,,1018.7,
2021-08-15,24.3,21,28,0,,30,7.5,,1022.8,
2021-08-16,23.6,21,27,0,,112,7.8,,1023.5,
2021-08-17,24.3,23,27,0.9,,162,9.3,,1023.5,
2021-08-18,25.5,23,28,1.1,,148,9.1,,1022.6,
2021-08-19,26.4,24,29,4.8,,226,10.9,,1014.4,
2021-08-20,25.7,24,28,2.8,,306,6.7,,1013.1,
2021-08-21,25.2,23,27,1.9,,110,5.6,,1013.9,
2021-08-22,22.9,21,24,58.8,,304,10.8,,1010.7,
2021-08-23,23.9,22,28,41.6,,245,10.2,,1009,
2021-08-24,27,23,31,0,,292,9,,1014.7,
2021-08-25,27.8,23,32,0,,261,5.6,,1019.6,
2021-08-26,28.7,25.4,33,0,,240,7,,1019.9,
2021-08-27,27.5,24,33,4,,305,7.6,,1019.6,
2021-08-28,23.2,20,27,10.9,,68,12.9,,1024.4,
2021-08-29,21.9,19,24,1.4,,95,8.6,,1022.8,
2021-08-30,26,23,29,5.6,,234,8,,1013.3,
2021-08-31,26,23,28,0,,297,7.6,,1010.1,
2021-09-01,21.6,18,26,42.6,,40,14.1,,1007.8,
2021-09-02,20,17,24,25,,341,15,,1010.5,
2021-09-03,19.2,15,22,0,,317,8.1,,1017.6,
2021-09-04,20.8,17,25,0,,280,8,,1017,
2021-09-05,21.7,19,23,0.5,,205,9.7,,1012,
2021-09-06,23.6,21,27,0.1,,268,10,,1010.6,
2021-09-07,22,18,26,0,,266,9.1,,1015.1,
2021-09-08,24.4,22,28,1.6,,192,13.9,,1011.8,
2021-09-09,21.4,20,24,9.3,,297,10.1,,1009.3,
2021-09-10,20.1,17,23,0,,305,10.6,,1013.7,
2021-09-11,20.5,16,24,0,,251,8.7,,1021.8,
2021-09-12,23.5,19,27,0,,232,11.6,,1019.3,
2021-09-13,25.3,20,28,0,,292,10.4,,1017.3,
2021-09-14,22.8,20,26,0,,109,10.8,,1018.6,
2021-09-15,25.5,23,29,2.4,,194,14.9,,1016,
2021-09-16,22.9,22,24,2.6,,46,12.1,,1022.8,
2021-09-17,22,21,23,1.4,,55,15.7,,1023.5,
2021-09-18,24.4,19.3,29,0.1,,348,9.1,,1018.4,
2021-09-19,21.1,18,24,0,,6,12.1,,1022,
2021-09-20,19.9,17,24,0,,92,8.4,,1027.7,
2021-09-21,20.7,17,24,0,,108,10.6,,1027.5,
2021-09-22,23.5,22,26,1.4,,146,19,,1019.8,
2021-09-23,23.6,18,26,16.7,,164,19,,1015,
2021-09-24,18.3,14,22,14.3,,270,9.6,,1018.1,
2021-09-25,19.1,14,24,0,,352,5.6,,1016.7,
2021-09-26,18.9,17,22,0,,290,13.5,,1013.6,
2021-09-27,20.5,14.3,25,0,,239,16.8,,1014.5,
2021-09-28,20,17,22,12.3,,271,12.1,,1011.6,
2021-09-29,16.4,13,19,0,,335,13,,1016.2,
2021-09-30,16,13,18,0,,325,12,,1020.1,
2021-10-01,15,11,19,0,,316,8.7,,1024.1,
2021-10-02,18.5,14,23,0,,251,10.4,,1021.1,
2021-10-03,20.9,17,24,0,,215,8.6,,1015.7,
2021-10-04,19.9,17,23,10,,112,8.6,,1015.8,
2021-10-05,16.9,16,20.5,0,,54,9.9,,1024.4,
2021-10-06,18.1,16,21,0,,55,6.1,,1028.6,
2021-10-07,19.2,17,23,0.2,,262,6.5,,1025.7,
2021-10-08,19.6,16,23,0,,93,7.2,,1021.9,
2021-10-09,17.6,16,19,0.7,,61,13.8,,1024.3,
2021-10-10,17.1,16,19,4.8,,62,15.9,,1022.3,
2021-10-11,18.5,17,21,0,,56,12.4,,1019.5,
2021-10-12,18.2,16,21,0,,89,8.1,,1020.2,
2021-10-13,18.9,17,21,0.2,,218,6.5,,1017.5,
2021-10-14,20.2,17,24,0,,316,7.6,,1014.7,
2021-10-15,21,17,26,0,,206,7.9,,1013.9,
2021-10-16,20.1,14,24,10.4,,209,9.5,,1008.2,
2021-10-17,13.3,12,16,0.3,,288,10.5,,1010.2,
2021-10-18,11.4,9,14,0.1,,284,11.5,,1012.7,
2021-10-19,13.3,8,19,0,,270,11.2,,1015.9,
2021-10-20,18.6,14,23,0,,269,11.1,,1016.7,
2021-10-21,19.1,16,23,0,,211,9.4,,1015.3,
2021-10-22,17.5,14,20,1,,274,10.1,,1012.4,
2021-10-23,12.4,9,14,0.4,,335,7.5,,1015.8,
2021-10-24,11.9,9,15,0.1,,244,8.5,,1021.3,
2021-10-25,18.2,13,22,5.4,,163,8.2,,1013.9,
2021-10-26,15,13,17,65.2,,40,12.7,,998.4,
2021-10-27,13.8,12,16,9.3,,4,13.4,,1005.5,
2021-10-28,11.7,9,14,0,,58,9.4,,1014.9,
2021-10-29,11.5,8,13,15,,74,13.6,,1011.5,
2021-10-30,14.7,12,18,7.4,,87,9.9,,1003.8,
2021-10-31,14.7,13,17,1.2,,267,9.1,,1003.3,
2021-11-01,12.5,11,14,0,,274,9.8,,1017.8,
2021-11-02,10,8,11,0.2,,286,8.4,,1023,
2021-11-03,7.5,5,11,0,,302,8.7,,1024.9,
2021-11-04,6.9,4,10,0,,25,7.2,,1027.3,
2021-11-05,7,4,10,0,,16,8.3,,1028.2,
2021-11-06,7.8,5,11,0,,60,6,,1029.4,
2021-11-07,8.5,5,12,0,,6,6.7,,1022.8,
2021-11-08,12.5,8,17,0,,352,8.2,,1020.6,
2021-11-09,14.8,10,20,0,,276,7.6,,1019.1,
2021-11-10,14.4,10,17,0.1,,304,8.5,,1019.8,
2021-11-11,12,8,16,0.6,,75,8.5,,1025.5,
2021-11-12,15.8,11,18,17.1,,204,11.1,,1015,
2021-11-13,10.1,5,17,9.4,,205,12.6,,1009.9,
2021-11-14,6.2,3,8,0.9,,232,9.7,,1012.8,
2021-11-15,6.1,4,8,0.2,,264,11.1,,1011.1,
2021-11-16,5.9,3,9,0,,271,10.9,,1021.1,
2021-11-17,9.8,4,14,0,,162,7.3,,1024.8,
2021-11-18,15.2,8,21,1.1,,228,10.5,,1016.7,
2021-11-19,6.5,4,9,3.3,,292,13.6,,1025.2,
2021-11-20,5.6,2,8,0,,220,7.9,,1033.6,
2021-11-21,10.1,7,13,0.5,,208,8.2,,1024.1,
2021-11-22,7.9,2,12,1.1,,286,11.3,,1012.6,
2021-11-23,2.3,0,6,0,,309,15.2,,1017.5,
2021-11-24,3.3,-1,7,0,,296,10.8,,1026.1,
2021-11-25,8.9,4,13,0,,240,8.1,,1016.8,
2021-11-26,6.1,3,8,6.1,,266,15.2,,1005,
2021-11-27,2.4,1,3,0,,290,13.2,,1011.8,
2021-11-28,2.9,1,5,1.7,,325,5.7,,1012.4,
2021-11-29,3.3,1,6,0,,305,10.3,,1013.4,
2021-11-30,2.8,-1,5,0.4,,243,9,,1016,
2021-12-01,7,4,9,0,,241,8,,1020.3,
2021-12-02,11.6,7,14,4.8,,211,10.8,,1008.3,
2021-12-03,6.2,3,8,0,,297,13.5,,1014.3,
2021-12-04,5.8,3,9,0,,244,7,,1020.3,
2021-12-05,6.6,4,9,0,,315,7.2,,1027.6,
2021-12-06,11.4,7,16,6,,188,11,,1011.3,
2021-12-07,3.8,3,5,0,,275,9.9,,1021,
2021-12-08,3.3,1,5,1.2,,7,8.4,,1016.7,
2021-12-09,2,0,4,0,,279,9.6,,1022.6,
2021-12-10,7.1,4,9,0,,193,7.5,,1021.7,
2021-12-11,13.6,7,19,18.4,,169,10,,1008.5,
2021-12-12,7.5,6,11,0,,275,13.5,,1019.6,
2021-12-13,7.8,4,11,0,,241,12.9,,1024.8,
2021-12-14,8.5,3.2,12,0,,345,9.4,,1032.7,
2021-12-15,8.9,4,13,0.3,,109,9.1,,1034.4,
2021-12-16,14.4,12,17,0,,230,13.4,,1018.2,
2021-12-17,13.2,9,15,0.2,,268,11.4,,1018.6,
2021-12-18,6.3,4,9,2.4,,44,7.3,,1018.3,
2021-12-19,2.9,-2,7,0.7,,320,11.9,,1018.3,
2021-12-20,-0.3,-4,2,0,,269,9.2,,1026.5,
2021-12-21,3.1,0,6,0.1,,230,7.7,,1018.1,
2021-12-22,4.3,1,8,7.5,,309,12.1,,1006.3,
2021-12-23,0.7,-1,2,0.1,,288,8.8,,1021,
2021-12-24,1.7,-1,4,1.1,,75,7.3,,1018.4,
2021-12-25,6.3,3,11,9.6,,296,8,,1003.5,
2021-12-26,7.3,4,11,0,,302,17,,1012.7,
2021-12-27,2.4,1,4,8.1,,34,8.5,,1017.3,
2021-12-28,5.7,3,8,1.1,,291,8.4,,1011.6,
2021-12-29,5.7,5,7,6.6,,56,10.2,,1013.5,
2021-12-30,8,6,9,1.5,,42,6.2,,1014.6,
2021-12-31,10.5,9,12,1.1,,235,7.3,,1014.6,
2022-01-01,11.7,10,13,21.5,,144,7.2,,1008.9,
2022-01-02,9.8,3,15,6.5,,302,11.2,,1006.2,
2022-01-03,-1.7,-6,3,1.5,,360,15.8,,1020.3,
2022-01-04,-2.7,-7,1,0,,261,10.7,,1028.5,
2022-01-05,4.4,0,8,1.9,,223,10.4,,1014,
2022-01-06,2.9,1,4,0,,279,11.6,,1012.3,
2022-01-07,-1.3,-3,1,9,,309,14.6,,1013.4,
2022-01-08,-3.6,-7,-1,0,,275,10.8,,1033.8,
2022-01-09,2.1,-2,4,3.5,,226,13.4,,1022.8,
2022-01-10,-1.4,-4,4,0,,285,14.9,,1020,
2022-01-11,-7.7,-9,-5,0,,321,13.4,,1032.1,
2022-01-12,-0.1,-6,4,0,,226,10.4,,1022.8,
2022-01-13,4.5,2,9,0,,27,7.1,,1015.7,
2022-01-14,2.4,-6,6,0,,11,13.2,,1010.9,
2022-01-15,-9.2,-12,-7,0,,355,11.8,,1025.3,
2022-01-16,-6,-12,3,4.6,,46,13.6,,1024.3,
2022-01-17,3.2,1,7,24.5,,230,17.5,,990.4,
2022-01-18,0.3,-1,2,0,,296,15,,1012.6,
2022-01-19,4.8,-2,9,0,,207,11.9,,1018.1,
2022-01-20,1.3,-5,7,7.1,,317,12.2,,1021.7,
2022-01-21,-7.9,-12.1,-6,0,,7,14,,1034,
2022-01-22,-5.5,-10,-2,0,,4,10.5,,1027,
2022-01-23,-1.1,-4,2,0.1,,251,9.7,,1013,
2022-01-24,-0.4,-3,2,0.2,,331,7.4,,1012.3,
2022-01-25,2.5,-2,6,0,,269,9.9,,1015.5,
2022-01-26,-4.6,-7,-3,0,,329,12.4,,1028,
2022-01-27,-3.6,-8,-1,0,,153,8.5,,1029.1,
2022-01-28,-0.8,-2,0,2.2,,314,9.8,,1019.8,
2022-01-29,-7.7,-11,-3,15.8,,331,20.3,,1007,
2022-01-30,-7.3,-11,-3,0,,279,12,,1016.7,
2022-01-31,-4.1,-16.5,-1,0,,41,8.3,,1028,
2022-02-01,-0.9,-5,2,0,,46,8.5,,1034.5,
2022-02-02,4.2,0,8,0,,79,6.9,,1030.8,
2022-02-03,7.7,6,11,12.8,,182,7.9,,1023.1,
2022-02-04,3.5,-3,13,23.3,,355,10.8,,1013.8,
2022-02-05,-4.8,-7,-3,0.1,,315,14.1,,1025.7,
2022-02-06,-4.5,-8,-1,0,,77,8.3,,1036,
2022-02-07,1.3,-1,3,4.6,,25,7.6,,1024.9,
2022-02-08,2.9,0,7,0.5,,295,12,,1014.8,
2022-02-09,3,-1,8,0,,202,8.4,,1017.6,
2022-02-10,7.4,3,12,0,,246,11.8,,1012.5,
2022-02-11,9.5,4,14,0,,196,9.7,,1014.8,
2022-02-12,11.3,6,14,0,,258,13.5,,1015.1,
2022-02-13,-0.7,-4,5,5.8,,12,11.1,,1020.1,
2022-02-14,-6.4,-9,-4,0,,308,14.3,,1022.5,
2022-02-15,-4.6,-9,-1,0,,267,8.7,,1037.4,
2022-02-16,3.6,-2,9,0,,186,10.3,,1036.7,
2022-02-17,14.5,10,20,2.2,,197,13.7,,1018.6,
2022-02-18,6.3,-3,17,9.6,,283,15.5,,1008.3,
2022-02-19,-0.6,-4,4,0.2,,249,15.3,,1017.5,
2022-02-20,-1.9,-6,2,0,,245,12.8,,1029.7,
2022-02-21,5.6,1,12,0,,194,7.9,,1027.5,
2022-02-22,8.9,3,16,7.5,,117,10.8,,1022.9,
2022-02-23,13.7,2,20,0,,256,14.3,,1016.9,
2022-02-24,-0.2,-2,1,0.1,,29,12.7,,1031.2,
2022-02-25,0.2,-3,5,23.3,,354,14,,1021.2,
2022-02-26,-1.2,-4,2,0,,300,12.3,,1028.8,
2022-02-27,2.8,-2,8,0,,260,15.6,,1016.8,
2022-02-28,-0.5,-3,2,0,,330,10.7,,1024.5,
2022-03-01,4.7,0,9,0.5,,167,9.6,,1020.6,
2022-03-02,7.5,4,11,0,,264,9.6,,1015.3,
2022-03-03,3.3,-4,8,2.4,,299,15.7,,1019.2,
2022-03-04,-1.6,-6,2,0,,275,10,,1033,
2022-03-05,4.1,1,7,0,,184,8.1,,1032,
2022-03-06,13.6,6,20,3.3,,219,12.3,,1017.4,
2022-03-07,19,11,23,4.7,,231,13.4,,1007.3,
2022-03-08,5.9,4,8,0,,318,14.7,,1018.6,
2022-03-09,2.5,1,5,16,,63,10.1,,1018,
2022-03-10,4.8,1,9,0,,202,6.5,,1021.5,
2022-03-11,7.8,5,12,0,,183,9.8,,1017.4,
2022-03-12,2,-4,8,13.3,,293,15.9,,999.3,
2022-03-13,,,,,,,,,,
2022-03-14,7.2,1,13,0,,225,10,,1028.3,
2022-03-15,12.6,8,19,0.9,,222,9.5,,1023.4,
2022-03-16,13.1,6.4,18,0.3,,228,9,,1022.5,
2022-03-17,9.6,7,12,1.9,,45,10.9,,1017.3,
2022-03-18,14.4,10,22,0,,220,9,,1016.1,
2022-03-19,14.8,9,21,6,,155,9.4,,1010.3,
2022-03-20,12.4,8,15,0.2,,271,13.5,,1009.7,
2022-03-21,11.4,7,16,0,,294,13.9,,1018,
2022-03-22,10.4,7,14,0,,306,12.1,,1021.9,
2022-03-23,6.2,4,9,2.7,,73,11.8,,1023.8,
2022-03-24,6,4,8,29.7,,59,18,,1013.6,
2022-03-25,10.4,7,15,2.7,,276,10.1,,1003.5,
2022-03-26,9.4,6,11,3.1,,261,11.3,,999.2,
2022-03-27,4.1,-1,7,0.5,,280,16.3,,1004.6,
2022-03-28,-2.9,-5,-1,0.3,,290,20.5,,1013.6,
2022-03-29,-0.7,-4,2,0,,299,17.7,,1020.8,
2022-03-30,3.2,-2,8,0,,255,8.3,,1022.2,
2022-03-31,13.7,7,19,1.4,,160,9.7,,1006.1,
2022-04-01,11.3,7,16,1.9,,275,14.2,,1003.8,
2022-04-02,7.1,3,12,0,,272,11.7,,1017.1,
2022-04-03,7,5,8,3.9,,183,8.5,,1010.9,
2022-04-04,8,2.8,12,0,,296,11.6,,1015.2,
2022-04-05,9.8,8,13,0.2,,122,7.5,,1017.8,
2022-04-06,9,7,12,18.1,,62,18.2,,1011.3,
2022-04-07,9.6,6,12,80.6,,90,12.1,,1008,
2022-04-08,13.2,9,17,26.5,,245,11.3,,1003.1,
2022-04-09,10.4,9,12,6.1,,264,11,,1004.3,
2022-04-10,7.9,7,9,0,,299,15.7,,1009.6,
2022-04-11,9.8,4,16,0.1,,249,9.9,,1019,
2022-04-12,15.6,10,22,1.9,,273,9.6,,1017.1,
2022-04-13,16.9,13,21,0,,108,8.7,,1016.1,
2022-04-14,19.3,14,26,0.3,,352,11.2,,1009.4,
2022-04-15,15.5,11,21,0,,246,10.2,,1019.3,
2022-04-16,14.6,7,22,5.2,,212,12.1,,1014.1,
2022-04-17,7.5,5,10,0.4,,310,13.2,,1020.9,
2022-04-18,7.4,4,12,5.4,,64,12.8,,1024.7,
2022-04-19,7,4,9,22.2,,274,20.5,,1007.9,
2022-04-20,10.2,6,15,0,,289,11.8,,1026.8,
2022-04-21,11.1,7,15,2.5,,146,10.7,,1031.1,
2022-04-22,16.1,12,21,0,,296,10.9,,1028.4,
2022-04-23,13.8,11,18,0,,91,8.7,,1028.3,
2022-04-24,12.9,9,16,0,,97,11,,1024.8,
2022-04-25,11.4,8,14,0,,102,9.4,,1024.6,
2022-04-26,13,11,15,2.3,,68,7.1,,1018.3,
2022-04-27,10,6,14,0.1,,298,17.4,,1015.3,
2022-04-28,8.6,4,14,0,,312,17,,1017,
2022-04-29,10.9,5,17,0,,307,13.5,,1019.2,
2022-04-30,12.9,7,19,0,,336,8.2,,1020.1,
2022-05-01,14.1,9,20,0.7,,119,8.7,,1020,
2022-05-02,12,11,13,4.1,,68,8.5,,1018.5,
2022-05-03,13,11,17,0,,61,10.7,,1021.5,
2022-05-04,13.5,10,18,3.1,,44,7.5,,1016.4,
2022-05-05,17.6,13,23,0,,17,8.8,,1018.4,
2022-05-06,13,10,16,22.1,,85,6.6,,1014.2,
2022-05-07,8.8,7.8,10,19,,59,18,,1011.3,
2022-05-08,10.8,7.2,14.4,3.8,,54,18,,1019,
2022-05-09,14.2,8,20.6,0,,48,18.2,,1023.4,
2022-05-10,16.1,11,22.2,0,,60,16.5,,1026.8,
2022-05-11,17,12,23.3,0,,48,9.7,,1025,
2022-05-12,18.2,14.4,23.3,0,,58,8,,1025.8,
2022-05-13,17.4,14.4,21.7,1.1,,68,9.2,,1024.8,
2022-05-14,17.9,16,22,5.5,,104,5.6,,1018.8,
2022-05-15,19,15.6,24,0.4,,234,5.3,,1012,
2022-05-16,20.5,16.7,23,3.3,,231,7.9,,1005.1,
2022-05-17,18.7,13.9,24,0.1,,283,14.8,,1008.3,
2022-05-18,17.5,13,22,0,,284,8.9,,1014,
2022-05-19,14.8,12,18.9,14.6,,133,5.6,,1009.2,
2022-05-20,16.4,13,21,1.8,,91,6.7,,1014.2,
2022-05-21,23.8,16.7,31.7,0,,15,4.6,,1015.9,
2022-05-22,26.9,23.9,31.1,9.2,,255,6.9,,1015.5,
2022-05-23,19.7,16.1,22.2,0,,0,11.4,,1021.5,
2022-05-24,16.7,13.8,19.4,0,,75,8.4,,1025.6,
2022-05-25,15.6,11.7,20.6,0,,97,7.8,,1028.3,
2022-05-26,16.8,12.2,20.6,0.4,,136,8.2,,1024.4,
2022-05-27,20.5,18,26.7,4.1,,146,6.6,,1013.2,
2022-05-28,19.8,17.8,22.2,18.4,,257,7.1,,1008,
2022-05-29,20.1,15.6,25,0,,350,4.6,,1017.4,
2022-05-30,23.7,17.8,28.9,0,,243,5.4,,1018.5,
2022-05-31,27.8,19.4,33,0,,287,8.3,,1014.3,
2022-06-01,17.3,15.6,21.7,2.2,,73,10.8,,1014.4,
2022-06-02,20,16.3,26,7.6,,345,5.9,,1007.9,
2022-06-03,20.4,17,24,1,,27,7,,1008.2,
2022-06-04,21.4,16,27,0,,328,4.1,,1011.5,
2022-06-05,19.6,14,24.4,0,,8,6.6,,1015.5,
2022-06-06,21.6,17.8,26.7,0,,236,6.6,,1017.2,
2022-06-07,20.6,17.2,25,2.8,,187,12.9,,1016.9,
2022-06-08,23.4,18.9,27.2,2.9,,260,9.8,,1011.5,
2022-06-09,23,19.4,27,4.8,,264,13.3,,1004.8,
2022-06-10,21.3,17.2,24.4,0,,281,9.3,,1010.6,
2022-06-11,21.2,19.4,22.8,0,,11,5.8,,1013.3,
2022-06-12,19.7,17.8,22.2,7,,190,7.5,,1014.9,
2022-06-13,24.8,20,29.4,0.3,,303,5,,1012.7,
2022-06-14,23.6,20,27,0,,29,7,,1013.3,
2022-06-15,22.3,19.4,27.2,0,,74,7.8,,1018.8,
2022-06-16,19.4,16.7,21,3.7,,165,6.8,,1019.8,
2022-06-17,25.7,20.6,31.1,0,,265,11.1,,1006.3,
2022-06-18,19,16,23.9,0,,303,14.5,,1007.1,
2022-06-19,17.5,12,22.8,0,,324,14.1,,1014.5,
2022-06-20,20.2,14,25,0,,307,6.9,,1019.6,
2022-06-21,20.8,17,26.1,2.2,,11,4.2,,1019.8,
2022-06-22,18.2,17,19.4,11.3,,119,8.6,,1017.3,
2022-06-23,19.2,16.1,22,0.7,,99,6.8,,1015.5,
2022-06-24,21.9,17,27.2,0,,259,5.7,,1016.7,
2022-06-25,26.2,20.6,32.2,0,,302,4.7,,1018.8,
2022-06-26,26.4,23,31.1,0,,213,6,,1018.2,
2022-06-27,22.7,21.1,24,8.9,,257,5.6,,1014.8,
2022-06-28,21.8,18.9,25,0,,353,5.1,,1020.6,
2022-06-29,23.3,18.9,28.3,0,,272,4.2,,1022.8,
2022-06-30,25.1,19.9,30,0,,303,5.6,,1021.4,
2022-07-01,27.4,22.8,32,0,,224,7.5,,1016.8,
2022-07-02,27.2,23,30,1,,247,8.4,,1012.8,
2022-07-03,26.7,24,30,0,,350,6.6,,1016.1,
2022-07-04,24.7,18,29.4,0,,337,5.1,,1020.3,
2022-07-05,24.4,21,30,0.4,,206,8,,1015.9,
2022-07-06,25.9,21.7,30.7,0,,299,9.3,,1010.7,
2022-07-07,24.3,21.1,28.9,0,,90,8.6,,1015.8,
2022-07-08,22.8,20,27.8,0.4,,255,3.9,,1015.9,
2022-07-09,24.9,21.7,29,0,,14,5.7,,1016.8,
2022-07-10,23,20,27.8,0,,81,10.3,,1017.9,
2022-07-11,23.5,19,28.3,0,,207,8.1,,1014.1,
2022-07-12,26.6,21.1,32,22.2,,220,10,,1008.1,
2022-07-13,27.6,23.9,32.2,0,,290,6.6,,1011.5,
2022-07-14,27.2,22.8,32,0,,346,6.7,,1014.7,
2022-07-15,25.4,22.8,29.4,0,,79,6.9,,1020.3,
2022-07-16,24,21.7,29,2.6,,60,5.8,,1019.1,
2022-07-17,25,22,27.8,1.1,,276,6.2,,1016.6,
2022-07-18,24.9,21.7,26.7,10.6,,36,5.2,,1012.2,
2022-07-19,27.5,22.8,32,0,,277,8.9,,1008.2,
2022-07-20,29.7,25.6,33.9,0,,251,6.4,,1007.7,
2022-07-21,28.9,24,33,9.9,,226,7.9,,1005.1,
2022-07-22,29,26.1,33.9,0,,270,5.4,,1011.4,
2022-07-23,29.3,25.6,34.4,0,,272,7.2,,1016,
2022-07-24,30.3,25.1,36.4,0,,225,9.8,,1015.7,
2022-07-25,27.8,23.3,31.3,1.1,,227,13,,1012,
2022-07-26,24.6,22,28.7,0,,306,8.8,,1015.5,
2022-07-27,25.1,21,28.3,0,,296,6.4,,1013.8,
2022-07-28,27,23.3,30,3,,228,7.1,,1010.7,
2022-07-29,26.2,22.8,30,0,,260,7.6,,1012.4,
2022-07-30,26.5,23.3,30,0,,319,8.4,,1016.7,
2022-07-31,25.5,21.7,30,0,,55,4.7,,1020.7,
2022-08-01,21.8,20,25,1.5,,23,5.3,,1014.8,
2022-08-02,26.9,22,32,0.4,,258,6.7,,1010.3,
2022-08-03,26.7,22,32,0,,298,7.4,,1015.4,
2022-08-04,28.2,21.7,33.3,0,,228,7.8,,1017.3,
2022-08-05,28.1,25.6,32,0,,245,6.1,,1020.1,
2022-08-06,28.6,25,32.2,1.5,,219,8,,1022.3,
2022-08-07,28.8,25.6,32.8,0.2,,227,9.7,,1020.6,
2022-08-08,29.5,26,34,0,,225,10.7,,1015.8,
2022-08-09,30,26.1,36.8,11.3,,256,10.7,,1013.2,
2022-08-10,26.7,23.9,30.6,0,,3,6.4,,1016.4,
2022-08-11,26.6,22.8,31.7,6.3,,357,5.4,,1012.6,
2022-08-12,25.3,21.7,29.4,0,,13,9.3,,1015.6,
2022-08-13,22.4,18.9,26,0,,15,8.3,,1019.1,
2022-08-14,23,18.9,27.2,0,,211,7.2,,1017.9,
2022-08-15,23.5,20,28,0,,111,6.3,,1016.2,
2022-08-16,23.2,18.9,28.3,0,,66,10.4,,1016.5,
2022-08-17,22.5,17,26.7,0,,14,5.5,,1015.7,
2022-08-18,23.4,17.8,29.4,0,,295,7.1,,1013,
2022-08-19,25.8,21,32.2,0,,233,7.2,,1017.7,
2022-08-20,26.9,24,31.7,0,,206,5.5,,1020.8,
2022-08-21,24.7,22,27.2,0,,123,6.1,,1019.6,
2022-08-22,23.9,22.8,26,15.5,,128,6.4,,1013.7,
2022-08-23,25.1,22,29.4,4.8,,294,6,,1010.1,
2022-08-24,26.6,21.7,32,0,,301,7.3,,1014.5,
2022-08-25,27,22,32.2,0,,293,5.7,,1017.1,
2022-08-26,26.7,24,29.4,4.1,,228,6.3,,1014,
2022-08-27,26.7,21.1,32,0,,5,7,,1016.1,
2022-08-28,24.6,23,27.2,0.4,,98,9.9,,1021.2,
2022-08-29,25.8,23.9,29.4,0,,182,6.3,,1019.5,
2022-08-30,26,22.3,31,1.2,,198,8.6,,1012.4,
2022-08-31,24.7,20.6,29.4,1.7,,291,9.7,,1009.4,
2022-09-01,24.8,20.6,30,0,,302,7.1,,1013.9,
2022-09-02,21.1,17.2,26.1,0,,71,8.2,,1023.8,
2022-09-03,22.3,18.3,27.2,0,,104,5.3,,1024.4,
2022-09-04,25.6,22,31.7,1.3,,250,5.6,,1019.8,
2022-09-05,25.2,22.8,30.6,4,,42,4.8,,1018.5,
2022-09-06,21.4,19,23,20,,64,7.1,,1016.6,
2022-09-07,20.2,18.3,22.2,0.2,,49,10.8,,1015.9,
2022-09-08,21.2,18,26,0,,36,7.9,,1013.6,
2022-09-09,21.3,17,26.7,0,,57,7.9,,1018.3,
2022-09-10,23.1,18,30,0,,255,5.2,,1023.3,
2022-09-11,21.6,19,24,7.9,,354,4.8,,1020.2,
2022-09-12,23.1,20,27.2,2.2,,357,4.3,,1011.3,
2022-09-13,23.8,21.1,28,8.2,,300,7.2,,1008.1,
2022-09-14,22.1,17.2,26.1,0,,281,8.8,,1014.1,
2022-09-15,20.4,17.8,23.3,0,,327,10.3,,1020.6,
2022-09-16,18.9,13.9,24,0,,345,4.4,,1022.3,
2022-09-17,20.5,18,23.3,0,,87,8.1,,1024,
2022-09-18,23.6,20,28.3,0,,235,9.1,,1017.9,
2022-09-19,23.7,20.6,29.4,2.6,,256,7,,1012.9,
2022-09-20,22.2,19.4,25.6,0,,307,7.6,,1012.4,
2022-09-21,21.5,17,26.7,0,,305,6,,1013.2,
2022-09-22,19.8,14.4,23,11.6,,264,12.2,,1004.8,
2022-09-23,13.2,10.6,16.7,0,,309,16.7,,1013.3,
2022-09-24,15,9.4,21,0,,288,8.3,,1015.2,
2022-09-25,17.9,15,22.2,0.4,,213,7,,1007.2,
2022-09-26,18.8,14.4,22.8,0,,237,10.9,,1005.9,
2022-09-27,17.6,15.6,20,0,,274,7.3,,1011.4,
2022-09-28,16.4,12,21,0,,300,7.2,,1019.5,
2022-09-29,15.4,12,19,0,,16,9.9,,1027.2,
2022-09-30,14.3,11.7,16.1,0,,53,11.2,,1025.3,
2022-10-01,13.9,10.6,16.1,22.6,,49,15.7,,1017.4,
2022-10-02,14,11,16,1.1,,51,19.7,,1018.9,
2022-10-03,10,8.9,11.1,8.9,,47,17.1,,1022.6,
2022-10-04,10.5,7.8,13,65,,36,15.7,,1015.7,
2022-10-05,13.4,12.2,15,15.3,,17,10,,1013.4,
2022-10-06,17.4,11.7,22.8,0,,314,5.3,,1014.5,
2022-10-07,19.1,15.6,24.4,0.2,,279,7.7,,1014.8,
2022-10-08,11.7,8.9,14.4,0,,310,8.7,,1020.7,
2022-10-09,12,7.2,16.1,0,,271,7.2,,1020.8,
2022-10-10,15.3,11.7,19.4,0,,275,6.2,,1022.4,
2022-10-11,15.7,10.6,20.6,0,,287,5.1,,1025.5,
2022-10-12,17,14,20.6,0,,205,7.9,,1022.5,
2022-10-13,18.2,13,20,21.2,,165,8.5,,1011.9,
2022-10-14,14.7,11.7,19,11.9,,323,6.5,,1012.5,
2022-10-15,15.2,10,20,0,,174,5,,1016.2,
2022-10-16,15,11.7,18,0,,316,5,,1013.8,
2022-10-17,15.3,12.8,19,9.1,,216,7.8,,1005.9,
2022-10-18,10.6,8,13,0.5,,279,8.9,,1004.7,
2022-10-19,8.9,5.6,12,0,,245,9.7,,1010.4,
2022-10-20,10.5,6.7,14,0,,227,9.1,,1015.3,
2022-10-21,12.3,7.8,16.7,0,,257,4.4,,1020,
2022-10-22,14,10,18.3,0,,226,5.4,,1024.7,
2022-10-23,14.1,12.7,16.1,15.2,,40,11.3,,1024.8,
2022-10-24,14.3,12.8,16,18.7,,55,12.2,,1021.8,
2022-10-25,18.3,16.1,21.1,0.5,,85,6.4,,1018.7,
2022-10-26,18.9,15.6,22.2,0,,58,6.3,,1010.5,
2022-10-27,15.2,12.2,18.3,0,,344,10.4,,1019.6,
2022-10-28,10.3,7,13.3,0,,44,9.6,,1032.5,
2022-10-29,10.3,6.1,14.4,0,,23,5.6,,1030.9,
2022-10-30,11.7,6.7,16.7,0,,4,2.6,,1023.8,
2022-10-31,14.5,11,17.8,2.4,,302,4,,1018.1,
2022-11-01,16.8,15,19.4,3.8,,282,6.9,,1016.9,
2022-11-02,16.4,13.3,20.6,0,,4,4.8,,1025.1,
2022-11-03,14.6,11,18.9,0,,60,3.7,,1028.7,
2022-11-04,16.2,11.7,21.1,0,,21,4.2,,1027.4,
2022-11-05,20.3,18,24.4,0,,189,6.1,,1023.6,
2022-11-06,21.1,18.9,23.3,2.3,,183,7.8,,1022.5,
2022-11-07,20.9,12.8,24.4,0.1,,277,9.8,,1022.5,
2022-11-08,10.9,8.3,14,0,,10,11.6,,1033.8,
2022-11-09,8.4,4.4,12,0,,39,7.9,,1036.4,
2022-11-10,13.8,8.9,19,0,,258,5.8,,1027.5,
2022-11-11,17.8,15,20,15.8,,101,6.5,,1014.2,
2022-11-12,18.8,16,20,3.8,,284,8.4,,1003.2,
2022-11-13,9.8,5.6,15.6,3,,318,10.2,,1012.8,
2022-11-14,4.7,3,7,0,,312,10.8,,1026.5,
2022-11-15,4.6,2,8,7.2,,43,10.6,,1028.5,
2022-11-16,6.7,4,10,12.7,,302,13.8,,1013.3,
2022-11-17,4.6,2.8,7.2,0,,264,12.3,,1014.5,
2022-11-18,3.7,1.1,6.1,0.2,,255,11.1,,1019.3,
2022-11-19,2.1,0,4.4,0,,251,10.4,,1021.2,
2022-11-20,1.1,-1.1,3.9,0,,275,15.3,,1020.6,
2022-11-21,1.6,-2.8,5,0,,235,11.7,,1028.4,
2022-11-22,6.8,2.8,10.6,0,,255,9,,1025.8,
2022-11-23,8.9,6,12.8,0,,305,7.9,,1023.6,
2022-11-24,8.3,4.4,11.7,0,,100,7,,1027.1,
2022-11-25,9.8,7.8,12.8,2.8,,254,12.5,,1013.4,
2022-11-26,9.6,6.1,13.3,0,,280,11.3,,1015.8,
2022-11-27,11.4,9,15,9.2,,216,10.2,,1005.6,
2022-11-28,9.7,5,12.2,0,,293,12.6,,1007.1,
2022-11-29,4.5,2.2,6.1,0,,8,5.2,,1024.5,
2022-11-30,9.5,5,14.4,15.2,,183,11.9,,1013.5,
2022-12-01,3.8,2,6,0,,281,15.6,,1024,
2022-12-02,4.1,0,8.3,0,,239,6.8,,1032.6,
2022-12-03,11.4,7,14.4,4.5,,226,13.4,,1020.1,
2022-12-04,5.1,3,7.2,0,,299,9.3,,1022.2,
2022-12-05,5.6,2.2,9,0,,218,5.5,,1025,
2022-12-06,10.9,6,14.4,14.4,,120,9.3,,1025.7,
2022-12-07,13.8,12.2,15,11.4,,235,6.5,,1021.1,
2022-12-08,9.8,5.6,12,0,,333,9.4,,1023,
2022-12-09,4,2,7.2,0,,11,11.5,,1025.5,
2022-12-10,2.4,0,4,0,,49,12.5,,1028.5,
2022-12-11,2.7,0.6,4.4,11,,50,12.5,,1022.8,
2022-12-12,0.6,-2.2,3.3,1.2,,3,10.1,,1021.9,
2022-12-13,-0.3,-4,4.4,0,,326,7.2,,1024.2,
2022-12-14,1.1,-1,3.3,0,,330,12.2,,1020.9,
2022-12-15,3.4,0.6,6,9.2,,57,13.8,,1020.6,
2022-12-16,5.2,3,6.7,32.9,,14,17.9,,1004.3,
2022-12-17,4.4,2.2,6.7,0,,276,13.1,,1007,
2022-12-18,2.1,0.6,4,0,,273,12.6,,1013.7,
2022-12-19,1,-0.6,3.3,0,,280,12.3,,1023,
2022-12-20,1.1,-1,3.9,0,,315,9.6,,1029.1,
2022-12-21,1.1,-2.2,4.4,0,,349,3.2,,1032,
2022-12-22,4.7,1.7,7.8,15.3,,58,14.6,,1024.2,
2022-12-23,2.4,-13,14,19.2,,213,18,,993.5,
2022-12-24,-11.5,-14,-7.5,0,,251,18.8,,1009.4,
2022-12-25,-6.1,-10,-2.8,0,,252,13.9,,1013.9,
2022-12-26,-4.3,-7.8,-1.7,0,,265,11.8,,1022.8,
2022-12-27,-0.4,-3.1,1.7,0,,263,9.7,,1025.2,
2022-12-28,4.4,0.4,8.3,0,,233,9.6,,1026.1,
2022-12-29,7.7,5,10,0,,235,10.2,,1025.7,
2022-12-30,11.4,8.9,16.7,0,,265,6.1,,1024.6,
2022-12-31,11.4,10,13,7.4,,289,6.3,,1015.5,
2023-01-01,10.8,5.3,12,0.4,,280,9.5,,1013.2,
2023-01-02,11.4,9.4,13.3,0.5,,265,6.8,,1019.7,
2023-01-03,11.2,8,14,9.6,,159,8,,1014.6,
2023-01-04,14.5,9.4,19,9.9,,208,8.9,,1010.6,
2023-01-05,8.7,7,10,0.4,,54,8.1,,1014.1,
2023-01-06,6.8,3.9,8.9,7.5,,317,8.8,,1016,
2023-01-07,4.7,2.8,7,0,,282,10.8,,1021,
2023-01-08,2.9,0.6,5,0,,291,8,,1024.3,
2023-01-09,4.3,2.8,6.7,0.8,,283,8.3,,1014.1,
2023-01-10,4.2,3.3,5,0,,304,8,,1017.1,
2023-01-11,3,1.7,4,0,,67,10.8,,1023.6,
2023-01-12,7.4,3,12,7.2,,92,7.6,,1017.2,
2023-01-13,9.2,3,13.3,6.5,,250,12.7,,1002.7,
2023-01-14,1.1,-1,2.8,0,,2,16.4,,1010.2,
2023-01-15,1.3,-1.1,5,0,,352,16.1,,1015.9,
2023-01-16,2.6,-2,8.9,0,,313,12.8,,1012.1,
2023-01-17,5.5,-1.9,8.3,1,,272,6.7,,1006.1,
2023-01-18,8.7,6.7,11.1,0.8,,277,12.4,,1009.4,
2023-01-19,5.3,4,6.7,20.4,,29,8.1,,1012.1,
2023-01-20,6.7,4.4,9.4,0,,285,10.8,,1005.8,
2023-01-21,3.6,2.8,5,0,,317,9,,1020.2,
2023-01-22,3.6,2,6,5.2,,104,8.2,,1018.7,
2023-01-23,2.9,2,4,9.7,,327,12.5,,1004.7,
2023-01-24,4.3,2,7.2,0,,271,11.8,,1020.5,
2023-01-25,4.8,2,12,20.5,,68,9.8,,1019.1,
2023-01-26,7.6,5,13,5.6,,260,14.6,,1003.9,
2023-01-27,3.5,2,5,0,,252,9.6,,1018.9,
2023-01-28,7.4,3,11,0,,230,12.3,,1024.1,
2023-01-29,9.1,5.6,12,0,,218,9.8,,1023,
2023-01-30,9.2,6.7,12.2,0,,277,5.7,,1020.1,
2023-01-31,2.9,-0.6,9.4,2,,343,8.8,,1021.9,
2023-02-01,-0.2,-3,3,1.6,,335,8.7,,1024.3,
2023-02-02,1.3,-2,4,0,,245,9.8,,1019,
2023-02-03,-5.4,-12.1,1.1,0,,298,29,,1017.1,
2023-02-04,-9.4,-16,-2.8,0,,265,14.1,,1033.9,
2023-02-05,3.8,-2,9,0,,223,12.4,,1021.7,
2023-02-06,6.2,1,11.1,0,,353,9.9,,1017.4,
2023-02-07,2.6,-1.1,6,4.7,,101,8.2,,1025,
2023-02-08,8,4,11.7,0,,285,9.8,,1022.4,
2023-02-09,9.3,6,12.8,0,,124,6.8,,1020.4,
2023-02-10,12.5,7.2,15.6,0,,272,13.9,,1012.2,
2023-02-11,4.9,2.8,7.2,0,,308,9.8,,1023.7,
2023-02-12,6.1,3.9,8.9,1,,12,7.2,,1017.1,
2023-02-13,9.1,5,13.9,0,,317,12.1,,1003,
2023-02-14,8.9,5,12.2,0,,286,9.1,,1016.7,
2023-02-15,13.7,8.9,19,0.8,,207,11.2,,1016.6,
2023-02-16,15.9,13,20.6,1,,251,6.9,,1014.5,
2023-02-17,9.9,0,16,8,,262,12.4,,1006.1,
2023-02-18,1.9,-3,6,0,,265,14.5,,1025.6,
2023-02-19,6.4,3,9.4,0,,199,12.1,,1023.3,
2023-02-20,11.3,8.3,16.1,0.1,,269,12.6,,1006.5,
2023-02-21,5.7,2.8,8.9,7.7,,13,8.8,,1005.2,
2023-02-22,4.1,2.8,6,2.5,,353,9.3,,1018.3,
2023-02-23,4.3,3,6.7,0.8,,61,11.9,,1013.1,
2023-02-24,3.7,-3.9,7,0,,314,15.1,,1023.7,
2023-02-25,-2.3,-5,1,0.3,,352,7.5,,1028.4,
2023-02-26,3.5,-1.1,10,0,,255,9,,1012.7,
2023-02-27,3.1,0.6,6.7,3.8,,49,9.5,,1013,
2023-02-28,1.5,-0.5,3,10.8,,16,11.1,,1008.6,
2023-03-01,4.2,1.1,7,2.6,,113,10.3,,1018.5,
2023-03-02,7.1,4,12.2,2.4,,342,9.7,,1007.2,
2023-03-03,4.9,2.8,8,3,,45,9.7,,1014.8,
2023-03-04,5.3,3.9,7,37.3,,353,12.7,,1003.3,
2023-03-05,7,3,11.1,0,,297,12.9,,1019.7,
2023-03-06,7.7,4,11,0,,304,8.8,,1018,
2023-03-07,3.8,0.6,8,3.4,,318,16.5,,1011.4,
2023-03-08,3.4,-1,8.9,0,,331,15.5,,1020.5,
2023-03-09,5,1,11,0,,350,12.6,,1021.5,
2023-03-10,4.8,1.7,7.2,6.3,,56,7.6,,1014.1,
2023-03-11,4.3,1.7,6.7,9.3,,14,12.9,,1008.5,
2023-03-12,,,,,,,,,,
2023-03-13,5,3.9,7,13.3,,69,11.5,,1011.7,
2023-03-14,1.9,1,3.3,10.8,,283,17.3,,1001.1,
2023-03-15,3.3,0.5,7,0,,302,23.9,,1009.5,
2023-03-16,6.9,-0.9,14.4,0,,283,12.3,,1015.9,
2023-03-17,12.2,8.9,15,0.1,,216,7.8,,1006.3,
2023-03-18,8.9,6,13.3,2,,284,11,,1005.9,
2023-03-19,1.7,-1.1,5,0,,278,15.8,,1016.2,
2023-03-20,5.2,-0.6,10.6,0,,240,11.3,,1024.7,
2023-03-21,11.1,5,17.2,0,,249,9.6,,1027.2,
2023-03-22,11.5,8.9,16,0,,217,10.1,,1026.3,
2023-03-23,12.1,8.9,15.6,4,,282,8.2,,1013.4,
2023-03-24,9.7,6.7,13.3,0,,331,9.1,,1014.5,
2023-03-25,6.6,5.6,8.3,6.7,,75,13.7,,1013.8,
2023-03-26,11.7,6.7,17,0,,278,9.7,,1012.1,
2023-03-27,10.4,6.7,16.1,4.5,,54,10.9,,1016,
2023-03-28,8.2,5.6,10.6,0,,2,7.2,,1018.3,
2023-03-29,7.6,2.1,12,0.4,,274,10.3,,1019.6,
2023-03-30,3.7,-1,7.2,0.2,,303,12.6,,1024.7,
2023-03-31,8.2,3.9,12,0,,222,10.1,,1022.4,
2023-04-01,15.7,11.1,22,7.8,,242,10.2,,1000,
2023-04-02,7.8,4.4,10.6,0,,304,15.8,,1012,
2023-04-03,9.4,3.9,14.4,0,,141,10,,1019,
2023-04-04,15.7,8.9,22.2,0,,23,5.6,,1016.9,
2023-04-05,10.1,8,13.9,0,,68,13.1,,1023,
